Currency,Option,Spot/Strike USD,BS European USD,CRR European USD,CRR American USD,American premium USD
BTC,call,80803.91,2583.3073159653286,2582.0325675925346,2582.0325675925346,0.0
BTC,put,80803.91,2516.9658500710866,2515.691101701131,2519.0974071189507,3.406305417819567
ETH,call,2263.3,115.54642413249667,115.48912990452511,115.48912990452511,0.0
ETH,put,2263.3,113.68821405629569,113.63091982840346,113.72237148793468,0.09145165953121648
