Currency,Option,Spot/Strike USD,BS European USD,CRR European USD,CRR American USD,American premium USD
BTC,call,81054.32,2588.1317551775064,2586.8546465741015,2586.8546465741015,0.0
BTC,put,81054.32,2521.584698161816,2520.3075895612487,2523.724936660745,3.4173470994960553
ETH,call,2292.51,117.55576248969851,117.49746984065857,117.49746984065857,0.0
ETH,put,2292.51,115.67357047724272,115.61527782828254,115.70788326385133,0.09260543556878531
