Currency,Option,Spot/Strike USD,BS European USD,CRR European USD,CRR American USD,American premium USD
BTC,call,80655.09,2574.1024399052403,2572.8322622759124,2572.8322622759124,0.0
BTC,put,80655.09,2507.883157912198,2506.6129802856804,2510.0136909557086,3.4007106700282748
ETH,call,2272.75,116.46194063028292,116.40419069945195,116.40419069945195,0.0
ETH,put,2272.75,114.59597193382888,114.53822200307617,114.63003335101585,0.09181134793968226
