Currency,Calibrated sigma,Calibrated lambda,Calibrated jump mean,Calibrated jump vol,Calibration options,BS MAE USD,Merton MAE USD,MAE improvement,BS RMSE USD,Merton RMSE USD
BTC,0.2669713096699757,39.05346987833297,-0.019107580152445746,0.048768689619475294,80,1364.408765680096,351.2376093095144,0.742571567887547,2048.2878773201905,539.9169552472582
ETH,0.34704098401596095,41.056018817218465,-0.026323717505094886,0.06509460887411747,80,43.05817256295229,17.80390565290538,0.5865150657084771,65.45092684949323,28.952065804008868
