Currency,Calibrated sigma,Calibrated lambda,Calibrated jump mean,Calibrated jump vol,Calibration options,BS MAE USD,Merton MAE USD,MAE improvement,BS RMSE USD,Merton RMSE USD
BTC,0.03,40.05424531526169,-0.02516759563690221,0.06354832878845008,80,1149.3799978620166,230.18348390971124,0.7997324780856812,1803.51514148751,377.22319510945226
ETH,0.32895335094787925,40.05418138944468,-0.03494023652998094,0.06098704080253161,80,30.96255833739041,12.94008406335526,0.5820731632589673,49.51461673084037,21.466412089884287
