Currency,Calibrated sigma,Calibrated lambda,Calibrated jump mean,Calibrated jump vol,Calibration options,BS MAE USD,Merton MAE USD,MAE improvement,BS RMSE USD,Merton RMSE USD
BTC,0.30674535257020713,39.053556135196274,-0.019782469572442177,0.04355718415036357,80,1339.887231297537,328.63760117738855,0.7547274177251929,1997.3775483800414,485.533526123009
ETH,0.388799074453083,41.056106867458205,-0.02746254609345614,0.05725838654341797,80,39.75785266874504,15.983065495927324,0.5979897196889574,60.64351436619068,25.520685676643847
