Currency,Raw option rows,Usable rows,Median spot (USD),Median mark IV,Min maturity (days),Max maturity (days)
BTC,934,748,80803.91,0.41659999999999997,1.9540948842592591,314.95409488425923
ETH,740,516,2263.3,0.5656000000000001,1.9540948032407408,314.95409480324076
