Currency,Raw option rows,Usable rows,Median spot (USD),Median mark IV,Min maturity (days),Max maturity (days)
BTC,884,698,81054.32,0.42369999999999997,1.9837221527777777,317.9837221527778
ETH,704,482,2292.51,0.5755,1.9837220601851853,317.9837220601852
