Currency,Raw option rows,Usable rows,Median spot (USD),Median mark IV,Min maturity (days),Max maturity (days)
BTC,878,688,76975.34,0.42125,1.5239711226851853,310.5239711226852
ETH,710,474,2118.55,0.5529,1.5239710416666667,310.52397104166664
