Currency,Option,BS delta,Merton delta,BS gamma,Merton gamma,BS vega,Merton vega
BTC,call,0.5199063156781659,0.5434616474802464,6.217907308399597e-05,4.208902368936785e-05,9255.72939008599,6063.40853579011
BTC,put,-0.4800936843218341,-0.4565383524904191,6.217907308399597e-05,4.208902373782032e-05,9255.72939008599,6063.408535917862
ETH,call,0.5280051068024438,0.5516886338322037,0.0013599753902790645,0.0011085956394061513,261.4658639081133,166.0762204426089
ETH,put,-0.47199489319755616,-0.4483113661059537,0.0013599753902790645,0.001108595643732462,261.4658639081133,166.07622044097096
