Currency,Option,BS delta,Merton delta,BS gamma,Merton gamma,BS vega,Merton vega
BTC,call,0.5199004600441821,0.5402159712245099,6.25184311264695e-05,4.120483626456247e-05,9210.14739929083,6753.373932969354
BTC,put,-0.4800995399558179,-0.45978402874620217,6.25184311264695e-05,4.120483632747673e-05,9210.14739929083,6753.373933021241
ETH,call,0.5279891709990872,0.5485709362793219,0.001372761275019989,0.001115420285228437,259.212921003576,183.9916592448878
ETH,put,-0.47201082900091285,-0.4514290636603654,0.001372761275019989,0.0011154202830275038,259.212921003576,183.99165924269477
