currency,model,mean_pnl,median_pnl,std_pnl,mean_abs_pnl,p05,p95,mean_turnover
BTC,black_scholes,-1167.8025250547598,-720.5417530665056,1424.7157491957873,1224.1460156864462,-3393.671758122484,193.66092640780252,134834.74033339578
BTC,merton,53.36396630366345,331.62730378151235,1203.9094694628766,862.7644864459693,-1893.8759473103175,1362.789833775252,125128.66675408863
ETH,black_scholes,-55.86571762944107,-29.519813974093708,66.19258994841736,57.21067238690944,-189.54015515405789,5.177505491636404,3982.615544232247
ETH,merton,-6.176561910546825,12.627956653739869,56.4495480887085,42.72951486699127,-122.9209661465975,55.75299415861135,3602.365292506761
