currency,model,mean_pnl,median_pnl,std_pnl,mean_abs_pnl,p05,p95,mean_turnover
BTC,black_scholes,-1686.0612591481074,-0.08498369700840239,2760.4001198619353,1686.0612591484874,-6993.821630753821,-2.5910296212511937e-08,48665.47240406102
BTC,merton,166.39031117119157,815.8825578466964,1806.051743048916,1406.9425536788806,-3527.1765432901047,1843.889895278667,75105.23903831503
ETH,black_scholes,-48.1813196248263,-27.311161184176704,58.75719503657001,49.74162469687229,-149.3383254712154,5.143779118264379,3648.8341910738764
ETH,merton,-1.5565298985948735,12.580217078105772,51.14294685907102,37.2491190626127,-83.83911212943403,51.14691381347149,3224.0853216758296
