currency,model,mean_pnl,median_pnl,std_pnl,mean_abs_pnl,p05,p95,mean_turnover
BTC,black_scholes,-2025.6196525427044,-566.4853246631287,2798.688284952606,2031.8446776614278,-7696.609643192144,27.29254688716181,97134.62613969717
BTC,merton,-32.7749596931033,733.9524343959545,1910.5740088637617,1399.2621277290036,-3643.4653552979676,1667.8481399784214,99499.20274176923
ETH,black_scholes,-61.15006495058925,-37.809284079472484,70.74267524189506,62.21380531925645,-196.82920046993672,3.0051138832154254,3733.9699844721767
ETH,merton,1.0885906273516974,17.854680782828346,59.908962189470294,45.16186917513617,-102.3015548754111,73.0108553384325,3234.997854329397
