Currency,Index observations,Return observations,Jump observations,Diffusive sigma,Jump intensity,Jump mean,Jump vol,Worst log return,Best log return
BTC,1460,1459,40,0.27493083315262895,40.05483207676491,-0.00500278232456357,0.031572175542881484,-0.062403917072805015,0.041393087246794025
ETH,1460,1459,40,0.4401597785164577,40.05483207676491,-0.007480674924732522,0.047458850781390095,-0.07373261247874474,0.06014350314418593
