Currency,Index observations,Return observations,Jump observations,Diffusive sigma,Jump intensity,Jump mean,Jump vol,Worst log return,Best log return
BTC,1460,1459,39,0.27585638561266435,39.05346127484579,-0.005754486930735462,0.03162019472983581,-0.062403917072805015,0.041393087246794025
ETH,1460,1459,41,0.44537972184571584,41.05620287868403,-0.006404843951780553,0.04770530149561116,-0.07373261247874474,0.06014350314418593
