Currency,Observations,Annualized mean,Annualized vol,Skew,Excess kurtosis,Jarque-Bera statistic,Jarque-Bera p-value,Jump share,Index rows
BTC,1459,-0.2408482182978484,0.3367310006865742,-0.5551059527740818,4.925944081491446,1537.3459860474973,0.0,0.026730637422892393,1460
ETH,1459,-0.08473321072687191,0.534515627818104,-0.3809674749011673,3.4852532029214647,766.8733189604345,2.9893352844317725e-167,0.02810143934201508,1460
