Currency,Observations,Annualized mean,Annualized vol,Skew,Excess kurtosis,Jarque-Bera statistic,Jarque-Bera p-value,Jump share,Index rows
BTC,1459,-0.3255130892609311,0.33676423527919386,-0.5467042199774401,4.918011460986115,1530.388870051629,0.0,0.027416038382453736,1460
ETH,1459,-0.18982801920153727,0.5278961307366475,-0.3986056563401658,3.6225744436962755,829.0721189246677,9.317015663009051e-181,0.027416038382453736,1460
