Currency,Observations,Annualized mean,Annualized vol,Skew,Excess kurtosis,Jarque-Bera statistic,Jarque-Bera p-value,Jump share,Index rows
BTC,1459,-0.23766041209892533,0.33700654693941406,-0.5559491468512722,4.910167840019755,1528.212204002846,0.0,0.026730637422892393,1460
ETH,1459,-0.11523229447989009,0.5311617196814549,-0.4138472816216853,3.547261333921261,799.5125368514481,2.443759800650555e-174,0.027416038382453736,1460
