Currency,Paired options,Mean MAE improvement USD,Median MAE improvement USD,Share improved,Paired t-stat,Paired t-test p,Wilcoxon statistic,Wilcoxon p,Sign-test p
BTC,688,919.1965139523055,260.6813349679476,0.815406976744186,19.38140828770588,2.178068122225767e-67,220439.0,2.2640881366764326e-85,3.1980723346692226e-66
ETH,474,18.02247427403515,3.2519866962611435,0.7742616033755274,15.434329986246533,4.0262467511796185e-44,94895.0,1.3517382289500537e-38,1.1065315779152343e-34
