Currency,Paired options,Mean MAE improvement USD,Median MAE improvement USD,Share improved,Paired t-stat,Paired t-test p,Wilcoxon statistic,Wilcoxon p,Sign-test p
BTC,698,1013.1711563705816,327.1767495333131,0.9154727793696275,20.837543677064236,1.241028630566078e-75,236791.0,2.964560443940236e-103,2.970267455191917e-124
ETH,482,25.254266910046912,7.818577197497517,0.7987551867219918,17.551427431608335,5.812560413584137e-54,102644.0,4.1515890635790196e-48,6.222563156776513e-42
