Currency,Paired options,Mean MAE improvement USD,Median MAE improvement USD,Share improved,Paired t-stat,Paired t-test p,Wilcoxon statistic,Wilcoxon p,Sign-test p
BTC,700,1011.2496301201486,275.9057160074685,0.9057142857142857,20.005898788172946,4.789811096884328e-71,237236.0,6.000477802897421e-102,9.835465154168389e-118
ETH,482,23.774787172817707,7.713258734705889,0.7987551867219918,17.098683967421806,7.392488902187872e-52,101163.0,4.321359185689941e-45,6.222563156776513e-42
