Currency,Paired options,Mean MAE improvement USD,Median MAE improvement USD,Share improved,Paired t-stat,Paired t-test p,Wilcoxon statistic,Wilcoxon p,Sign-test p
BTC,748,891.0436615480846,236.52914030786485,0.7887700534759359,18.876856025136245,1.3875613685306062e-65,246604.0,6.464219064945965e-73,1.0114795473043794e-59
ETH,516,17.464382181988373,2.059502254181208,0.7093023255813954,15.412986917639424,1.1867864995638213e-44,106221.0,9.603652346958002e-32,3.6433024814379565e-22
